{"cameraMode":{"drawMode":0,"name":"Shaded","section":"Shading Mode"},"sceneLighting":false,"audioPlay":false,"sceneViewState":{"m_AlwaysRefresh":false,"showFog":true,"showSkybox":false,"showFlares":true,"showImageEffects":true,"showParticleSystems":true,"showVisualEffectGraphs":true,"m_FxEnabled":true},"in2DMode":false,"pivot":{"x":-0.05437290668487549,"y":0.07242655754089356,"z":-0.1081538200378418},"rotation":{"x":0.10705404728651047,"y":0.39597761631011965,"z":-0.046541888266801837,"w":0.910811722278595},"size":3.0259673595428469,"orthographic":false}