{"cameraMode":{"drawMode":0,"name":"Shaded","section":"Shading Mode"},"sceneLighting":false,"audioPlay":false,"sceneViewState":{"m_AlwaysRefresh":false,"showFog":true,"showSkybox":false,"showFlares":true,"showImageEffects":true,"showParticleSystems":true,"showVisualEffectGraphs":true,"m_FxEnabled":true},"in2DMode":false,"pivot":{"x":3.069999933242798,"y":2.9802322387695315e-8,"z":-0.19303850829601289},"rotation":{"x":0.10705404728651047,"y":0.39597761631011965,"z":-0.046541888266801837,"w":0.910811722278595},"size":0.6015902161598206,"orthographic":false}